"Farm","OldDstore","Timestamp","VM","NewDstore","VMotionTask","VMotionState"
"G9TCLOUD-24","G9TCLOUD-24-SAN06",,"c0050230","G9TCLOUD-24-SAN65","Task-task-2367609","Running"
"G9TCLOUD-24","G9TCLOUD-24-SAN06",,"c0052752","G9TCLOUD-24-SAN66","Task-task-2367610","Running"
"G9TCLOUD-24","G9TCLOUD-24-SAN06",,"c0005993","G9TCLOUD-24-SAN55","Task-task-2367611","Running"
"G9TCLOUD-24","G9TCLOUD-24-SAN06",,"c0049879","G9TCLOUD-24-SAN60","Task-task-2367612","Running"
"G9TCLOUD-24","G9TCLOUD-24-SAN06",,"c0046783","G9TCLOUD-24-SAN55","Task-task-2367613","Running"
"G9TCLOUD-24","G9TCLOUD-24-SAN06",,"c0049875","G9TCLOUD-24-SAN64","Task-task-2367614","Running"
"G9TCLOUD-24","G9TCLOUD-24-SAN06",,"c0049868","G9TCLOUD-24-SAN74","Task-task-2367615","Running"
"G9TCLOUD-24","G9TCLOUD-24-SAN06",,"c0049874","G9TCLOUD-24-SAN65","Task-task-2367616","Running"
"G9TCLOUD-24","G9TCLOUD-24-SAN07",,"c0050072","G9TCLOUD-24-SAN64","Task-task-2367617","Running"
"G9TCLOUD-24","G9TCLOUD-24-SAN07",,"c0047492","G9TCLOUD-24-SAN68","Task-task-2367618","Running"
"G9TCLOUD-24","G9TCLOUD-24-SAN07",,"c0046271","G9TCLOUD-24-SAN58","Task-task-2367622","Running"
"G9TCLOUD-24","G9TCLOUD-24-SAN07",,"c0046105","G9TCLOUD-24-SAN68","Task-task-2367623","Running"
"G9TCLOUD-24","G9TCLOUD-24-SAN08",,"c0050284","G9TCLOUD-24-SAN52","Task-task-2367629","Running"
"G9TCLOUD-24","G9TCLOUD-24-SAN08",,"c0046471","G9TCLOUD-24-SAN61","Task-task-2367631","Running"
"G9TCLOUD-24","G9TCLOUD-24-SAN08",,"c0050540","G9TCLOUD-24-SAN58","Task-task-2367634","Running"
"G9TCLOUD-24","G9TCLOUD-24-SAN08",,"c0047252","G9TCLOUD-24-SAN63","Task-task-2367635","Running"
"G9TCLOUD-24","G9TCLOUD-24-SAN08",,"c0046092","G9TCLOUD-24-SAN69","Task-task-2367639","Running"
"G9TCLOUD-24","G9TCLOUD-24-SAN08",,"c0049970","G9TCLOUD-24-SAN59","Task-task-2367640","Running"
"G9TCLOUD-24","G9TCLOUD-24-SAN08",,"c0047530","G9TCLOUD-24-SAN59","Task-task-2367641","Running"
"G9TCLOUD-24","G9TCLOUD-24-SAN08",,"c0045692","G9TCLOUD-24-SAN52","Task-task-2367643","Running"
"G9TCLOUD-24","G9TCLOUD-24-SAN09",,"c0049989","G9TCLOUD-24-SAN69","Task-task-2367647","Running"
"G9TCLOUD-24","G9TCLOUD-24-SAN09",,"c0046778","G9TCLOUD-24-SAN63","Task-task-2367649","Running"
"G9TCLOUD-24","G9TCLOUD-24-SAN09",,"c0049991","G9TCLOUD-24-SAN66","Task-task-2367725","Running"
"G9TCLOUD-24","G9TCLOUD-24-SAN09",,"c0051205","G9TCLOUD-24-SAN70","Task-task-2367726","Running"
"G9TCLOUD-24","G9TCLOUD-24-SAN09",,"c0049997","G9TCLOUD-24-SAN65","Task-task-2367727","Running"
"G9TCLOUD-24","G9TCLOUD-24-SAN09",,"c0048737","G9TCLOUD-24-SAN71","Task-task-2367728","Running"
"G9TCLOUD-24","G9TCLOUD-24-SAN09",,"c0049992","G9TCLOUD-24-SAN57","Task-task-2367729","Running"
"G9TCLOUD-24","G9TCLOUD-24-SAN09",,"c0049994","G9TCLOUD-24-SAN68","Task-task-2367730","Running"
"G9TCLOUD-24","G9TCLOUD-24-SAN09",,"c0049990","G9TCLOUD-24-SAN74","Task-task-2367731","Running"
"G9TCLOUD-24","G9TCLOUD-24-SAN10",,"c0045693","G9TCLOUD-24-SAN73","Task-task-2367737","Running"
"G9TCLOUD-24","G9TCLOUD-24-SAN10",,"c0046440","G9TCLOUD-24-SAN52","Task-task-2367746","Running"
"G9TCLOUD-24","G9TCLOUD-24-SAN10",,"c0046075","G9TCLOUD-24-SAN54","Task-task-2367750","Running"
"G9TCLOUD-24","G9TCLOUD-24-SAN10",,"c0051638","G9TCLOUD-24-SAN54","Task-task-2367751","Running"
"G9TCLOUD-24","G9TCLOUD-24-SAN10",,"c0047107","G9TCLOUD-24-SAN67","Task-task-2367752","Running"
"G9TCLOUD-24","G9TCLOUD-24-SAN10",,"c0045802","G9TCLOUD-24-SAN53","Task-task-2367753","Running"
"G9TCLOUD-24","G9TCLOUD-24-SAN10",,"c0052185","G9TCLOUD-24-SAN55","Task-task-2367758","Running"
"G9TCLOUD-24","G9TCLOUD-24-SAN10",,"c0047334","G9TCLOUD-24-SAN55","Task-task-2367759","Running"
"G9TCLOUD-24","G9TCLOUD-24-SAN10",,"c0046734","G9TCLOUD-24-SAN52","Task-task-2367760","Running"
